,alpha,numeric,A,B
0,a,1,-1.1705154492631553,1.0657891986358792
1,a,2,-0.6999373850582743,0.14407911460976205
2,a,3,0.3985421029205614,0.026869248389851576
3,b,1,1.0558371328125817,-0.07318342423156994
4,b,2,-0.6657206621834658,-0.04411240791642082
5,b,3,-0.36326701951834967,-0.012344813352859368
6,c,1,0.04212149034392563,1.9592958907763276
7,c,2,-0.19842569607172958,0.3305344056385035
8,d,1,-1.4358284060465922,0.027528317123446916
9,d,2,1.120604656809467,-0.224038779599644
