{"alpha":{"0":"a","1":"a","2":"a","3":"b"},"numeric":{"0":1,"1":2,"2":3,"3":1},"A":{"0":-1.1705154493,"1":-0.6999373851,"2":0.3985421029,"3":1.0558371328},"B":{"0":1.0657891986,"1":0.1440791146,"2":0.0268692484,"3":-0.0731834242}}